{"type": "metrics", "dataset": "train", "precision": 0.9902375528799219, "balanced_accuracy": 0.8209525666433675, "recall": 0.6437486778083351, "f1_score": 0.7802564102564102}
{"type": "metrics", "dataset": "test", "precision": 0.6710758377425045, "balanced_accuracy": 0.6730180703315183, "recall": 0.39863803038239914, "f1_score": 0.5001643115346698}
{"type": "cm_matrix", "dataset": "train", "true_0": {"predicted_0": 16243, "predicted_1": 30}, "true_1": {"predicted_0": 1684, "predicted_1": 3043}}
{"type": "cm_matrix", "dataset": "test", "true_0": {"predicted_0": 6718, "predicted_1": 373}, "true_1": {"predicted_0": 1148, "predicted_1": 761}}
