{"type": "metrics", "dataset": "train", "precision": 0.9905568218821231, "balanced_accuracy": 0.8208775170522018, "recall": 0.6435371271419505, "f1_score": 0.7802000512952039}
{"type": "metrics", "dataset": "test", "precision": 0.6701846965699209, "balanced_accuracy": 0.6731389637326445, "recall": 0.4016618648507072, "f1_score": 0.5003282994090611}
{"type": "cm_matrix", "dataset": "train", "true_0": {"predicted_0": 16244, "predicted_1": 29}, "true_1": {"predicted_0": 1685, "predicted_1": 3042}}
{"type": "cm_matrix", "dataset": "test", "true_0": {"predicted_0": 6716, "predicted_1": 375}, "true_1": {"predicted_0": 1147, "predicted_1": 762}}
